schemeName	isin	stock_name	sector	market_value	weight	change_1m	period	weightage
Invesco India PSU Equity Dir Gr	INF205K01NG5	State Bank of India	Financial Services	140.75	9.32	-9.56	Oct24	5.55
Invesco India PSU Equity Dir Gr	INF205K01NG5	State Bank of India	Financial Services	140.75	9.32	-9.56	Nov24	7.52
Invesco India PSU Equity Dir Gr	INF205K01NG5	State Bank of India	Financial Services	140.75	9.32	-9.56	Dec24	3.56
Invesco India PSU Equity Dir Gr	INF205K01NG5	State Bank of India	Financial Services	140.75	9.32	-9.56	Jan25	5.32
Invesco India PSU Equity Dir Gr	INF205K01NG5	State Bank of India	Financial Services	140.75	9.32	-9.56	Feb25	5.59
Invesco India PSU Equity Dir Gr	INF205K01NG5	State Bank of India	Financial Services	140.75	9.32	-9.56	Mar25	15.51
Invesco India PSU Equity Dir Gr	INF205K01NG5	State Bank of India	Financial Services	140.75	9.32	-9.56	Mar25	15.51
Invesco India PSU Equity Dir Gr	INF205K01NG5	State Bank of India	Financial Services	140.75	9.32	-9.56	Apr25	12.51
Invesco India PSU Equity Dir Gr	INF205K01NG5	State Bank of India	Financial Services	140.75	9.32	-9.56	May25	11.15
Invesco India PSU Equity Dir Gr	INF205K01NG5	State Bank of India	Financial Services	140.75	9.32	-9.56	June25	10.18
Invesco India PSU Equity Dir Gr	INF205K01NG5	State Bank of India	Financial Services	140.75	9.32	-9.56	July25	9.19
Invesco India PSU Equity Dir Gr	INF205K01NG5	State Bank of India	Financial Services	140.75	9.32	-9.56	Aug25	8.13
Invesco India PSU Equity Dir Gr	INF205K01NG5	Indian Bank	Financial Services	114.64	7.59	0.00	Oct24	5.55
Invesco India PSU Equity Dir Gr	INF205K01NG5	Indian Bank	Financial Services	114.64	7.59	0.00	Nov24	7.52
Invesco India PSU Equity Dir Gr	INF205K01NG5	Indian Bank	Financial Services	114.64	7.59	0.00	Dec24	3.56
Invesco India PSU Equity Dir Gr	INF205K01NG5	Indian Bank	Financial Services	114.64	7.59	0.00	Jan25	5.32
Invesco India PSU Equity Dir Gr	INF205K01NG5	Indian Bank	Financial Services	114.64	7.59	0.00	Feb25	5.59
Invesco India PSU Equity Dir Gr	INF205K01NG5	Indian Bank	Financial Services	114.64	7.59	0.00	Mar25	15.51
Invesco India PSU Equity Dir Gr	INF205K01NG5	Indian Bank	Financial Services	114.64	7.59	0.00	Mar25	15.51
Invesco India PSU Equity Dir Gr	INF205K01NG5	Indian Bank	Financial Services	114.64	7.59	0.00	Apr25	12.51
Invesco India PSU Equity Dir Gr	INF205K01NG5	Indian Bank	Financial Services	114.64	7.59	0.00	May25	11.15
Invesco India PSU Equity Dir Gr	INF205K01NG5	Indian Bank	Financial Services	114.64	7.59	0.00	June25	10.18
Invesco India PSU Equity Dir Gr	INF205K01NG5	Indian Bank	Financial Services	114.64	7.59	0.00	July25	9.19
Invesco India PSU Equity Dir Gr	INF205K01NG5	Indian Bank	Financial Services	114.64	7.59	0.00	Aug25	8.13
Invesco India PSU Equity Dir Gr	INF205K01NG5	Bharat Petroleum Corp Ltd	Energy	104.71	6.93	0.00	Oct24	5.55
Invesco India PSU Equity Dir Gr	INF205K01NG5	Bharat Petroleum Corp Ltd	Energy	104.71	6.93	0.00	Nov24	7.52
Invesco India PSU Equity Dir Gr	INF205K01NG5	Bharat Petroleum Corp Ltd	Energy	104.71	6.93	0.00	Dec24	3.56
Invesco India PSU Equity Dir Gr	INF205K01NG5	Bharat Petroleum Corp Ltd	Energy	104.71	6.93	0.00	Jan25	5.32
Invesco India PSU Equity Dir Gr	INF205K01NG5	Bharat Petroleum Corp Ltd	Energy	104.71	6.93	0.00	Feb25	5.59
Invesco India PSU Equity Dir Gr	INF205K01NG5	Bharat Petroleum Corp Ltd	Energy	104.71	6.93	0.00	Mar25	15.51
Invesco India PSU Equity Dir Gr	INF205K01NG5	Bharat Petroleum Corp Ltd	Energy	104.71	6.93	0.00	Mar25	15.51
Invesco India PSU Equity Dir Gr	INF205K01NG5	Bharat Petroleum Corp Ltd	Energy	104.71	6.93	0.00	Apr25	12.51
Invesco India PSU Equity Dir Gr	INF205K01NG5	Bharat Petroleum Corp Ltd	Energy	104.71	6.93	0.00	May25	11.15
Invesco India PSU Equity Dir Gr	INF205K01NG5	Bharat Petroleum Corp Ltd	Energy	104.71	6.93	0.00	June25	10.18
Invesco India PSU Equity Dir Gr	INF205K01NG5	Bharat Petroleum Corp Ltd	Energy	104.71	6.93	0.00	July25	9.19
Invesco India PSU Equity Dir Gr	INF205K01NG5	Bharat Petroleum Corp Ltd	Energy	104.71	6.93	0.00	Aug25	8.13
Invesco India PSU Equity Dir Gr	INF205K01NG5	Bharat Electronics Ltd	Industrials	103.02	6.82	-22.72	Oct24	5.55
Invesco India PSU Equity Dir Gr	INF205K01NG5	Bharat Electronics Ltd	Industrials	103.02	6.82	-22.72	Nov24	7.52
Invesco India PSU Equity Dir Gr	INF205K01NG5	Bharat Electronics Ltd	Industrials	103.02	6.82	-22.72	Dec24	3.56
Invesco India PSU Equity Dir Gr	INF205K01NG5	Bharat Electronics Ltd	Industrials	103.02	6.82	-22.72	Jan25	5.32
Invesco India PSU Equity Dir Gr	INF205K01NG5	Bharat Electronics Ltd	Industrials	103.02	6.82	-22.72	Feb25	5.59
Invesco India PSU Equity Dir Gr	INF205K01NG5	Bharat Electronics Ltd	Industrials	103.02	6.82	-22.72	Mar25	15.51
Invesco India PSU Equity Dir Gr	INF205K01NG5	Bharat Electronics Ltd	Industrials	103.02	6.82	-22.72	Mar25	15.51
Invesco India PSU Equity Dir Gr	INF205K01NG5	Bharat Electronics Ltd	Industrials	103.02	6.82	-22.72	Apr25	12.51
Invesco India PSU Equity Dir Gr	INF205K01NG5	Bharat Electronics Ltd	Industrials	103.02	6.82	-22.72	May25	11.15
Invesco India PSU Equity Dir Gr	INF205K01NG5	Bharat Electronics Ltd	Industrials	103.02	6.82	-22.72	June25	10.18
Invesco India PSU Equity Dir Gr	INF205K01NG5	Bharat Electronics Ltd	Industrials	103.02	6.82	-22.72	July25	9.19
Invesco India PSU Equity Dir Gr	INF205K01NG5	Bharat Electronics Ltd	Industrials	103.02	6.82	-22.72	Aug25	8.13
Invesco India PSU Equity Dir Gr	INF205K01NG5	Hindustan Aeronautics Ltd Ordinary Shares	Industrials	102.19	6.76	39.17	Oct24	5.55
Invesco India PSU Equity Dir Gr	INF205K01NG5	Hindustan Aeronautics Ltd Ordinary Shares	Industrials	102.19	6.76	39.17	Nov24	7.52
Invesco India PSU Equity Dir Gr	INF205K01NG5	Hindustan Aeronautics Ltd Ordinary Shares	Industrials	102.19	6.76	39.17	Dec24	3.56
Invesco India PSU Equity Dir Gr	INF205K01NG5	Hindustan Aeronautics Ltd Ordinary Shares	Industrials	102.19	6.76	39.17	Jan25	5.32
Invesco India PSU Equity Dir Gr	INF205K01NG5	Hindustan Aeronautics Ltd Ordinary Shares	Industrials	102.19	6.76	39.17	Feb25	5.59
Invesco India PSU Equity Dir Gr	INF205K01NG5	Hindustan Aeronautics Ltd Ordinary Shares	Industrials	102.19	6.76	39.17	Mar25	15.51
Invesco India PSU Equity Dir Gr	INF205K01NG5	Hindustan Aeronautics Ltd Ordinary Shares	Industrials	102.19	6.76	39.17	Mar25	15.51
Invesco India PSU Equity Dir Gr	INF205K01NG5	Hindustan Aeronautics Ltd Ordinary Shares	Industrials	102.19	6.76	39.17	Apr25	12.51
Invesco India PSU Equity Dir Gr	INF205K01NG5	Hindustan Aeronautics Ltd Ordinary Shares	Industrials	102.19	6.76	39.17	May25	11.15
Invesco India PSU Equity Dir Gr	INF205K01NG5	Hindustan Aeronautics Ltd Ordinary Shares	Industrials	102.19	6.76	39.17	June25	10.18
Invesco India PSU Equity Dir Gr	INF205K01NG5	Hindustan Aeronautics Ltd Ordinary Shares	Industrials	102.19	6.76	39.17	July25	9.19
Invesco India PSU Equity Dir Gr	INF205K01NG5	Hindustan Aeronautics Ltd Ordinary Shares	Industrials	102.19	6.76	39.17	Aug25	8.13
Invesco India PSU Equity Dir Gr	INF205K01NG5	NTPC Green Energy Ltd	Utilities	82.30	5.45	0.00	Oct24	5.55
Invesco India PSU Equity Dir Gr	INF205K01NG5	NTPC Green Energy Ltd	Utilities	82.30	5.45	0.00	Nov24	7.52
Invesco India PSU Equity Dir Gr	INF205K01NG5	NTPC Green Energy Ltd	Utilities	82.30	5.45	0.00	Dec24	3.56
Invesco India PSU Equity Dir Gr	INF205K01NG5	NTPC Green Energy Ltd	Utilities	82.30	5.45	0.00	Jan25	5.32
Invesco India PSU Equity Dir Gr	INF205K01NG5	NTPC Green Energy Ltd	Utilities	82.30	5.45	0.00	Feb25	5.59
Invesco India PSU Equity Dir Gr	INF205K01NG5	NTPC Green Energy Ltd	Utilities	82.30	5.45	0.00	Mar25	15.51
Invesco India PSU Equity Dir Gr	INF205K01NG5	NTPC Green Energy Ltd	Utilities	82.30	5.45	0.00	Mar25	15.51
Invesco India PSU Equity Dir Gr	INF205K01NG5	NTPC Green Energy Ltd	Utilities	82.30	5.45	0.00	Apr25	12.51
Invesco India PSU Equity Dir Gr	INF205K01NG5	NTPC Green Energy Ltd	Utilities	82.30	5.45	0.00	May25	11.15
Invesco India PSU Equity Dir Gr	INF205K01NG5	NTPC Green Energy Ltd	Utilities	82.30	5.45	0.00	June25	10.18
Invesco India PSU Equity Dir Gr	INF205K01NG5	NTPC Green Energy Ltd	Utilities	82.30	5.45	0.00	July25	9.19
Invesco India PSU Equity Dir Gr	INF205K01NG5	NTPC Green Energy Ltd	Utilities	82.30	5.45	0.00	Aug25	8.13
Invesco India PSU Equity Dir Gr	INF205K01NG5	Bank of Baroda	Financial Services	79.76	5.28	10.40	Oct24	5.55
Invesco India PSU Equity Dir Gr	INF205K01NG5	Bank of Baroda	Financial Services	79.76	5.28	10.40	Nov24	7.52
Invesco India PSU Equity Dir Gr	INF205K01NG5	Bank of Baroda	Financial Services	79.76	5.28	10.40	Dec24	3.56
Invesco India PSU Equity Dir Gr	INF205K01NG5	Bank of Baroda	Financial Services	79.76	5.28	10.40	Jan25	5.32
Invesco India PSU Equity Dir Gr	INF205K01NG5	Bank of Baroda	Financial Services	79.76	5.28	10.40	Feb25	5.59
Invesco India PSU Equity Dir Gr	INF205K01NG5	Bank of Baroda	Financial Services	79.76	5.28	10.40	Mar25	15.51
Invesco India PSU Equity Dir Gr	INF205K01NG5	Bank of Baroda	Financial Services	79.76	5.28	10.40	Mar25	15.51
Invesco India PSU Equity Dir Gr	INF205K01NG5	Bank of Baroda	Financial Services	79.76	5.28	10.40	Apr25	12.51
Invesco India PSU Equity Dir Gr	INF205K01NG5	Bank of Baroda	Financial Services	79.76	5.28	10.40	May25	11.15
Invesco India PSU Equity Dir Gr	INF205K01NG5	Bank of Baroda	Financial Services	79.76	5.28	10.40	June25	10.18
Invesco India PSU Equity Dir Gr	INF205K01NG5	Bank of Baroda	Financial Services	79.76	5.28	10.40	July25	9.19
Invesco India PSU Equity Dir Gr	INF205K01NG5	Bank of Baroda	Financial Services	79.76	5.28	10.40	Aug25	8.13
Invesco India PSU Equity Dir Gr	INF205K01NG5	NTPC Ltd	Utilities	68.80	4.55	0.00	Oct24	5.55
Invesco India PSU Equity Dir Gr	INF205K01NG5	NTPC Ltd	Utilities	68.80	4.55	0.00	Nov24	7.52
Invesco India PSU Equity Dir Gr	INF205K01NG5	NTPC Ltd	Utilities	68.80	4.55	0.00	Dec24	3.56
Invesco India PSU Equity Dir Gr	INF205K01NG5	NTPC Ltd	Utilities	68.80	4.55	0.00	Jan25	5.32
Invesco India PSU Equity Dir Gr	INF205K01NG5	NTPC Ltd	Utilities	68.80	4.55	0.00	Feb25	5.59
Invesco India PSU Equity Dir Gr	INF205K01NG5	NTPC Ltd	Utilities	68.80	4.55	0.00	Mar25	15.51
Invesco India PSU Equity Dir Gr	INF205K01NG5	NTPC Ltd	Utilities	68.80	4.55	0.00	Mar25	15.51
Invesco India PSU Equity Dir Gr	INF205K01NG5	NTPC Ltd	Utilities	68.80	4.55	0.00	Apr25	12.51
Invesco India PSU Equity Dir Gr	INF205K01NG5	NTPC Ltd	Utilities	68.80	4.55	0.00	May25	11.15
Invesco India PSU Equity Dir Gr	INF205K01NG5	NTPC Ltd	Utilities	68.80	4.55	0.00	June25	10.18
Invesco India PSU Equity Dir Gr	INF205K01NG5	NTPC Ltd	Utilities	68.80	4.55	0.00	July25	9.19
Invesco India PSU Equity Dir Gr	INF205K01NG5	NTPC Ltd	Utilities	68.80	4.55	0.00	Aug25	8.13
Invesco India PSU Equity Dir Gr	INF205K01NG5	Dredging Corp of India Ltd	Industrials	61.48	4.07	0.00	Oct24	5.55
Invesco India PSU Equity Dir Gr	INF205K01NG5	Dredging Corp of India Ltd	Industrials	61.48	4.07	0.00	Nov24	7.52
Invesco India PSU Equity Dir Gr	INF205K01NG5	Dredging Corp of India Ltd	Industrials	61.48	4.07	0.00	Dec24	3.56
Invesco India PSU Equity Dir Gr	INF205K01NG5	Dredging Corp of India Ltd	Industrials	61.48	4.07	0.00	Jan25	5.32
Invesco India PSU Equity Dir Gr	INF205K01NG5	Dredging Corp of India Ltd	Industrials	61.48	4.07	0.00	Feb25	5.59
Invesco India PSU Equity Dir Gr	INF205K01NG5	Dredging Corp of India Ltd	Industrials	61.48	4.07	0.00	Mar25	15.51
Invesco India PSU Equity Dir Gr	INF205K01NG5	Dredging Corp of India Ltd	Industrials	61.48	4.07	0.00	Mar25	15.51
Invesco India PSU Equity Dir Gr	INF205K01NG5	Dredging Corp of India Ltd	Industrials	61.48	4.07	0.00	Apr25	12.51
Invesco India PSU Equity Dir Gr	INF205K01NG5	Dredging Corp of India Ltd	Industrials	61.48	4.07	0.00	May25	11.15
Invesco India PSU Equity Dir Gr	INF205K01NG5	Dredging Corp of India Ltd	Industrials	61.48	4.07	0.00	June25	10.18
Invesco India PSU Equity Dir Gr	INF205K01NG5	Dredging Corp of India Ltd	Industrials	61.48	4.07	0.00	July25	9.19
Invesco India PSU Equity Dir Gr	INF205K01NG5	Dredging Corp of India Ltd	Industrials	61.48	4.07	0.00	Aug25	8.13
Invesco India PSU Equity Dir Gr	INF205K01NG5	REC Ltd	Financial Services	59.59	3.94	14.67	Oct24	5.55
Invesco India PSU Equity Dir Gr	INF205K01NG5	REC Ltd	Financial Services	59.59	3.94	14.67	Nov24	7.52
Invesco India PSU Equity Dir Gr	INF205K01NG5	REC Ltd	Financial Services	59.59	3.94	14.67	Dec24	3.56
Invesco India PSU Equity Dir Gr	INF205K01NG5	REC Ltd	Financial Services	59.59	3.94	14.67	Jan25	5.32
Invesco India PSU Equity Dir Gr	INF205K01NG5	REC Ltd	Financial Services	59.59	3.94	14.67	Feb25	5.59
Invesco India PSU Equity Dir Gr	INF205K01NG5	REC Ltd	Financial Services	59.59	3.94	14.67	Mar25	15.51
Invesco India PSU Equity Dir Gr	INF205K01NG5	REC Ltd	Financial Services	59.59	3.94	14.67	Mar25	15.51
Invesco India PSU Equity Dir Gr	INF205K01NG5	REC Ltd	Financial Services	59.59	3.94	14.67	Apr25	12.51
Invesco India PSU Equity Dir Gr	INF205K01NG5	REC Ltd	Financial Services	59.59	3.94	14.67	May25	11.15
Invesco India PSU Equity Dir Gr	INF205K01NG5	REC Ltd	Financial Services	59.59	3.94	14.67	June25	10.18
Invesco India PSU Equity Dir Gr	INF205K01NG5	REC Ltd	Financial Services	59.59	3.94	14.67	July25	9.19
Invesco India PSU Equity Dir Gr	INF205K01NG5	REC Ltd	Financial Services	59.59	3.94	14.67	Aug25	8.13
Invesco India PSU Equity Dir Gr	INF205K01NG5	National Aluminium Co Ltd	Basic Materials	57.48	3.80	0.00	Oct24	5.55
Invesco India PSU Equity Dir Gr	INF205K01NG5	National Aluminium Co Ltd	Basic Materials	57.48	3.80	0.00	Nov24	7.52
Invesco India PSU Equity Dir Gr	INF205K01NG5	National Aluminium Co Ltd	Basic Materials	57.48	3.80	0.00	Dec24	3.56
Invesco India PSU Equity Dir Gr	INF205K01NG5	National Aluminium Co Ltd	Basic Materials	57.48	3.80	0.00	Jan25	5.32
Invesco India PSU Equity Dir Gr	INF205K01NG5	National Aluminium Co Ltd	Basic Materials	57.48	3.80	0.00	Feb25	5.59
Invesco India PSU Equity Dir Gr	INF205K01NG5	National Aluminium Co Ltd	Basic Materials	57.48	3.80	0.00	Mar25	15.51
Invesco India PSU Equity Dir Gr	INF205K01NG5	National Aluminium Co Ltd	Basic Materials	57.48	3.80	0.00	Mar25	15.51
Invesco India PSU Equity Dir Gr	INF205K01NG5	National Aluminium Co Ltd	Basic Materials	57.48	3.80	0.00	Apr25	12.51
Invesco India PSU Equity Dir Gr	INF205K01NG5	National Aluminium Co Ltd	Basic Materials	57.48	3.80	0.00	May25	11.15
Invesco India PSU Equity Dir Gr	INF205K01NG5	National Aluminium Co Ltd	Basic Materials	57.48	3.80	0.00	June25	10.18
Invesco India PSU Equity Dir Gr	INF205K01NG5	National Aluminium Co Ltd	Basic Materials	57.48	3.80	0.00	July25	9.19
Invesco India PSU Equity Dir Gr	INF205K01NG5	National Aluminium Co Ltd	Basic Materials	57.48	3.80	0.00	Aug25	8.13
Invesco India PSU Equity Dir Gr	INF205K01NG5	Bharat Dynamics Ltd Ordinary Shares	Industrials	56.39	3.73	0.00	Oct24	5.55
Invesco India PSU Equity Dir Gr	INF205K01NG5	Bharat Dynamics Ltd Ordinary Shares	Industrials	56.39	3.73	0.00	Nov24	7.52
Invesco India PSU Equity Dir Gr	INF205K01NG5	Bharat Dynamics Ltd Ordinary Shares	Industrials	56.39	3.73	0.00	Dec24	3.56
Invesco India PSU Equity Dir Gr	INF205K01NG5	Bharat Dynamics Ltd Ordinary Shares	Industrials	56.39	3.73	0.00	Jan25	5.32
Invesco India PSU Equity Dir Gr	INF205K01NG5	Bharat Dynamics Ltd Ordinary Shares	Industrials	56.39	3.73	0.00	Feb25	5.59
Invesco India PSU Equity Dir Gr	INF205K01NG5	Bharat Dynamics Ltd Ordinary Shares	Industrials	56.39	3.73	0.00	Mar25	15.51
Invesco India PSU Equity Dir Gr	INF205K01NG5	Bharat Dynamics Ltd Ordinary Shares	Industrials	56.39	3.73	0.00	Mar25	15.51
Invesco India PSU Equity Dir Gr	INF205K01NG5	Bharat Dynamics Ltd Ordinary Shares	Industrials	56.39	3.73	0.00	Apr25	12.51
Invesco India PSU Equity Dir Gr	INF205K01NG5	Bharat Dynamics Ltd Ordinary Shares	Industrials	56.39	3.73	0.00	May25	11.15
Invesco India PSU Equity Dir Gr	INF205K01NG5	Bharat Dynamics Ltd Ordinary Shares	Industrials	56.39	3.73	0.00	June25	10.18
Invesco India PSU Equity Dir Gr	INF205K01NG5	Bharat Dynamics Ltd Ordinary Shares	Industrials	56.39	3.73	0.00	July25	9.19
Invesco India PSU Equity Dir Gr	INF205K01NG5	Bharat Dynamics Ltd Ordinary Shares	Industrials	56.39	3.73	0.00	Aug25	8.13
Invesco India PSU Equity Dir Gr	INF205K01NG5	SBI Life Insurance Co Ltd	Financial Services	55.16	3.65	15.29	Oct24	5.55
Invesco India PSU Equity Dir Gr	INF205K01NG5	SBI Life Insurance Co Ltd	Financial Services	55.16	3.65	15.29	Nov24	7.52
Invesco India PSU Equity Dir Gr	INF205K01NG5	SBI Life Insurance Co Ltd	Financial Services	55.16	3.65	15.29	Dec24	3.56
Invesco India PSU Equity Dir Gr	INF205K01NG5	SBI Life Insurance Co Ltd	Financial Services	55.16	3.65	15.29	Jan25	5.32
Invesco India PSU Equity Dir Gr	INF205K01NG5	SBI Life Insurance Co Ltd	Financial Services	55.16	3.65	15.29	Feb25	5.59
Invesco India PSU Equity Dir Gr	INF205K01NG5	SBI Life Insurance Co Ltd	Financial Services	55.16	3.65	15.29	Mar25	15.51
Invesco India PSU Equity Dir Gr	INF205K01NG5	SBI Life Insurance Co Ltd	Financial Services	55.16	3.65	15.29	Mar25	15.51
Invesco India PSU Equity Dir Gr	INF205K01NG5	SBI Life Insurance Co Ltd	Financial Services	55.16	3.65	15.29	Apr25	12.51
Invesco India PSU Equity Dir Gr	INF205K01NG5	SBI Life Insurance Co Ltd	Financial Services	55.16	3.65	15.29	May25	11.15
Invesco India PSU Equity Dir Gr	INF205K01NG5	SBI Life Insurance Co Ltd	Financial Services	55.16	3.65	15.29	June25	10.18
Invesco India PSU Equity Dir Gr	INF205K01NG5	SBI Life Insurance Co Ltd	Financial Services	55.16	3.65	15.29	July25	9.19
Invesco India PSU Equity Dir Gr	INF205K01NG5	SBI Life Insurance Co Ltd	Financial Services	55.16	3.65	15.29	Aug25	8.13
Invesco India PSU Equity Dir Gr	INF205K01NG5	GAIL (India) Ltd	Utilities	52.38	3.47	0.00	Oct24	5.55
Invesco India PSU Equity Dir Gr	INF205K01NG5	GAIL (India) Ltd	Utilities	52.38	3.47	0.00	Nov24	7.52
Invesco India PSU Equity Dir Gr	INF205K01NG5	GAIL (India) Ltd	Utilities	52.38	3.47	0.00	Dec24	3.56
Invesco India PSU Equity Dir Gr	INF205K01NG5	GAIL (India) Ltd	Utilities	52.38	3.47	0.00	Jan25	5.32
Invesco India PSU Equity Dir Gr	INF205K01NG5	GAIL (India) Ltd	Utilities	52.38	3.47	0.00	Feb25	5.59
Invesco India PSU Equity Dir Gr	INF205K01NG5	GAIL (India) Ltd	Utilities	52.38	3.47	0.00	Mar25	15.51
Invesco India PSU Equity Dir Gr	INF205K01NG5	GAIL (India) Ltd	Utilities	52.38	3.47	0.00	Mar25	15.51
Invesco India PSU Equity Dir Gr	INF205K01NG5	GAIL (India) Ltd	Utilities	52.38	3.47	0.00	Apr25	12.51
Invesco India PSU Equity Dir Gr	INF205K01NG5	GAIL (India) Ltd	Utilities	52.38	3.47	0.00	May25	11.15
Invesco India PSU Equity Dir Gr	INF205K01NG5	GAIL (India) Ltd	Utilities	52.38	3.47	0.00	June25	10.18
Invesco India PSU Equity Dir Gr	INF205K01NG5	GAIL (India) Ltd	Utilities	52.38	3.47	0.00	July25	9.19
Invesco India PSU Equity Dir Gr	INF205K01NG5	GAIL (India) Ltd	Utilities	52.38	3.47	0.00	Aug25	8.13
Invesco India PSU Equity Dir Gr	INF205K01NG5	Oil & Natural Gas Corp Ltd	Energy	50.95	3.37	0.00	Oct24	5.55
Invesco India PSU Equity Dir Gr	INF205K01NG5	Oil & Natural Gas Corp Ltd	Energy	50.95	3.37	0.00	Nov24	7.52
Invesco India PSU Equity Dir Gr	INF205K01NG5	Oil & Natural Gas Corp Ltd	Energy	50.95	3.37	0.00	Dec24	3.56
Invesco India PSU Equity Dir Gr	INF205K01NG5	Oil & Natural Gas Corp Ltd	Energy	50.95	3.37	0.00	Jan25	5.32
Invesco India PSU Equity Dir Gr	INF205K01NG5	Oil & Natural Gas Corp Ltd	Energy	50.95	3.37	0.00	Feb25	5.59
Invesco India PSU Equity Dir Gr	INF205K01NG5	Oil & Natural Gas Corp Ltd	Energy	50.95	3.37	0.00	Mar25	15.51
Invesco India PSU Equity Dir Gr	INF205K01NG5	Oil & Natural Gas Corp Ltd	Energy	50.95	3.37	0.00	Mar25	15.51
Invesco India PSU Equity Dir Gr	INF205K01NG5	Oil & Natural Gas Corp Ltd	Energy	50.95	3.37	0.00	Apr25	12.51
Invesco India PSU Equity Dir Gr	INF205K01NG5	Oil & Natural Gas Corp Ltd	Energy	50.95	3.37	0.00	May25	11.15
Invesco India PSU Equity Dir Gr	INF205K01NG5	Oil & Natural Gas Corp Ltd	Energy	50.95	3.37	0.00	June25	10.18
Invesco India PSU Equity Dir Gr	INF205K01NG5	Oil & Natural Gas Corp Ltd	Energy	50.95	3.37	0.00	July25	9.19
Invesco India PSU Equity Dir Gr	INF205K01NG5	Oil & Natural Gas Corp Ltd	Energy	50.95	3.37	0.00	Aug25	8.13
Invesco India PSU Equity Dir Gr	INF205K01NG5	Power Grid Corp Of India Ltd	Utilities	49.34	3.27	0.00	Oct24	5.55
Invesco India PSU Equity Dir Gr	INF205K01NG5	Power Grid Corp Of India Ltd	Utilities	49.34	3.27	0.00	Nov24	7.52
Invesco India PSU Equity Dir Gr	INF205K01NG5	Power Grid Corp Of India Ltd	Utilities	49.34	3.27	0.00	Dec24	3.56
Invesco India PSU Equity Dir Gr	INF205K01NG5	Power Grid Corp Of India Ltd	Utilities	49.34	3.27	0.00	Jan25	5.32
Invesco India PSU Equity Dir Gr	INF205K01NG5	Power Grid Corp Of India Ltd	Utilities	49.34	3.27	0.00	Feb25	5.59
Invesco India PSU Equity Dir Gr	INF205K01NG5	Power Grid Corp Of India Ltd	Utilities	49.34	3.27	0.00	Mar25	15.51
Invesco India PSU Equity Dir Gr	INF205K01NG5	Power Grid Corp Of India Ltd	Utilities	49.34	3.27	0.00	Mar25	15.51
Invesco India PSU Equity Dir Gr	INF205K01NG5	Power Grid Corp Of India Ltd	Utilities	49.34	3.27	0.00	Apr25	12.51
Invesco India PSU Equity Dir Gr	INF205K01NG5	Power Grid Corp Of India Ltd	Utilities	49.34	3.27	0.00	May25	11.15
Invesco India PSU Equity Dir Gr	INF205K01NG5	Power Grid Corp Of India Ltd	Utilities	49.34	3.27	0.00	June25	10.18
Invesco India PSU Equity Dir Gr	INF205K01NG5	Power Grid Corp Of India Ltd	Utilities	49.34	3.27	0.00	July25	9.19
Invesco India PSU Equity Dir Gr	INF205K01NG5	Power Grid Corp Of India Ltd	Utilities	49.34	3.27	0.00	Aug25	8.13
Invesco India PSU Equity Dir Gr	INF205K01NG5	Cochin Shipyard Ltd	Industrials	47.11	3.12	19.84	Oct24	5.55
Invesco India PSU Equity Dir Gr	INF205K01NG5	Cochin Shipyard Ltd	Industrials	47.11	3.12	19.84	Nov24	7.52
Invesco India PSU Equity Dir Gr	INF205K01NG5	Cochin Shipyard Ltd	Industrials	47.11	3.12	19.84	Dec24	3.56
Invesco India PSU Equity Dir Gr	INF205K01NG5	Cochin Shipyard Ltd	Industrials	47.11	3.12	19.84	Jan25	5.32
Invesco India PSU Equity Dir Gr	INF205K01NG5	Cochin Shipyard Ltd	Industrials	47.11	3.12	19.84	Feb25	5.59
Invesco India PSU Equity Dir Gr	INF205K01NG5	Cochin Shipyard Ltd	Industrials	47.11	3.12	19.84	Mar25	15.51
Invesco India PSU Equity Dir Gr	INF205K01NG5	Cochin Shipyard Ltd	Industrials	47.11	3.12	19.84	Mar25	15.51
Invesco India PSU Equity Dir Gr	INF205K01NG5	Cochin Shipyard Ltd	Industrials	47.11	3.12	19.84	Apr25	12.51
Invesco India PSU Equity Dir Gr	INF205K01NG5	Cochin Shipyard Ltd	Industrials	47.11	3.12	19.84	May25	11.15
Invesco India PSU Equity Dir Gr	INF205K01NG5	Cochin Shipyard Ltd	Industrials	47.11	3.12	19.84	June25	10.18
Invesco India PSU Equity Dir Gr	INF205K01NG5	Cochin Shipyard Ltd	Industrials	47.11	3.12	19.84	July25	9.19
Invesco India PSU Equity Dir Gr	INF205K01NG5	Cochin Shipyard Ltd	Industrials	47.11	3.12	19.84	Aug25	8.13
Invesco India PSU Equity Dir Gr	INF205K01NG5	BEML Ltd	Industrials	44.86	2.97	0.00	Oct24	5.55
Invesco India PSU Equity Dir Gr	INF205K01NG5	BEML Ltd	Industrials	44.86	2.97	0.00	Nov24	7.52
Invesco India PSU Equity Dir Gr	INF205K01NG5	BEML Ltd	Industrials	44.86	2.97	0.00	Dec24	3.56
Invesco India PSU Equity Dir Gr	INF205K01NG5	BEML Ltd	Industrials	44.86	2.97	0.00	Jan25	5.32
Invesco India PSU Equity Dir Gr	INF205K01NG5	BEML Ltd	Industrials	44.86	2.97	0.00	Feb25	5.59
Invesco India PSU Equity Dir Gr	INF205K01NG5	BEML Ltd	Industrials	44.86	2.97	0.00	Mar25	15.51
Invesco India PSU Equity Dir Gr	INF205K01NG5	BEML Ltd	Industrials	44.86	2.97	0.00	Mar25	15.51
Invesco India PSU Equity Dir Gr	INF205K01NG5	BEML Ltd	Industrials	44.86	2.97	0.00	Apr25	12.51
Invesco India PSU Equity Dir Gr	INF205K01NG5	BEML Ltd	Industrials	44.86	2.97	0.00	May25	11.15
Invesco India PSU Equity Dir Gr	INF205K01NG5	BEML Ltd	Industrials	44.86	2.97	0.00	June25	10.18
Invesco India PSU Equity Dir Gr	INF205K01NG5	BEML Ltd	Industrials	44.86	2.97	0.00	July25	9.19
Invesco India PSU Equity Dir Gr	INF205K01NG5	BEML Ltd	Industrials	44.86	2.97	0.00	Aug25	8.13
Invesco India PSU Equity Dir Gr	INF205K01NG5	Hindustan Petroleum Corp Ltd	Energy	41.64	2.76	0.00	Oct24	5.55
Invesco India PSU Equity Dir Gr	INF205K01NG5	Hindustan Petroleum Corp Ltd	Energy	41.64	2.76	0.00	Nov24	7.52
Invesco India PSU Equity Dir Gr	INF205K01NG5	Hindustan Petroleum Corp Ltd	Energy	41.64	2.76	0.00	Dec24	3.56
Invesco India PSU Equity Dir Gr	INF205K01NG5	Hindustan Petroleum Corp Ltd	Energy	41.64	2.76	0.00	Jan25	5.32
Invesco India PSU Equity Dir Gr	INF205K01NG5	Hindustan Petroleum Corp Ltd	Energy	41.64	2.76	0.00	Feb25	5.59
Invesco India PSU Equity Dir Gr	INF205K01NG5	Hindustan Petroleum Corp Ltd	Energy	41.64	2.76	0.00	Mar25	15.51
Invesco India PSU Equity Dir Gr	INF205K01NG5	Hindustan Petroleum Corp Ltd	Energy	41.64	2.76	0.00	Mar25	15.51
Invesco India PSU Equity Dir Gr	INF205K01NG5	Hindustan Petroleum Corp Ltd	Energy	41.64	2.76	0.00	Apr25	12.51
Invesco India PSU Equity Dir Gr	INF205K01NG5	Hindustan Petroleum Corp Ltd	Energy	41.64	2.76	0.00	May25	11.15
Invesco India PSU Equity Dir Gr	INF205K01NG5	Hindustan Petroleum Corp Ltd	Energy	41.64	2.76	0.00	June25	10.18
Invesco India PSU Equity Dir Gr	INF205K01NG5	Hindustan Petroleum Corp Ltd	Energy	41.64	2.76	0.00	July25	9.19
Invesco India PSU Equity Dir Gr	INF205K01NG5	Hindustan Petroleum Corp Ltd	Energy	41.64	2.76	0.00	Aug25	8.13
Invesco India PSU Equity Dir Gr	INF205K01NG5	NHPC Ltd	Utilities	39.93	2.64	22.21	Oct24	5.55
Invesco India PSU Equity Dir Gr	INF205K01NG5	NHPC Ltd	Utilities	39.93	2.64	22.21	Nov24	7.52
Invesco India PSU Equity Dir Gr	INF205K01NG5	NHPC Ltd	Utilities	39.93	2.64	22.21	Dec24	3.56
Invesco India PSU Equity Dir Gr	INF205K01NG5	NHPC Ltd	Utilities	39.93	2.64	22.21	Jan25	5.32
Invesco India PSU Equity Dir Gr	INF205K01NG5	NHPC Ltd	Utilities	39.93	2.64	22.21	Feb25	5.59
Invesco India PSU Equity Dir Gr	INF205K01NG5	NHPC Ltd	Utilities	39.93	2.64	22.21	Mar25	15.51
Invesco India PSU Equity Dir Gr	INF205K01NG5	NHPC Ltd	Utilities	39.93	2.64	22.21	Mar25	15.51
Invesco India PSU Equity Dir Gr	INF205K01NG5	NHPC Ltd	Utilities	39.93	2.64	22.21	Apr25	12.51
Invesco India PSU Equity Dir Gr	INF205K01NG5	NHPC Ltd	Utilities	39.93	2.64	22.21	May25	11.15
Invesco India PSU Equity Dir Gr	INF205K01NG5	NHPC Ltd	Utilities	39.93	2.64	22.21	June25	10.18
Invesco India PSU Equity Dir Gr	INF205K01NG5	NHPC Ltd	Utilities	39.93	2.64	22.21	July25	9.19
Invesco India PSU Equity Dir Gr	INF205K01NG5	NHPC Ltd	Utilities	39.93	2.64	22.21	Aug25	8.13
Invesco India PSU Equity Dir Gr	INF205K01NG5	Can Fin Homes Ltd	Financial Services	29.47	1.95	0.00	Oct24	5.55
Invesco India PSU Equity Dir Gr	INF205K01NG5	Can Fin Homes Ltd	Financial Services	29.47	1.95	0.00	Nov24	7.52
Invesco India PSU Equity Dir Gr	INF205K01NG5	Can Fin Homes Ltd	Financial Services	29.47	1.95	0.00	Dec24	3.56
Invesco India PSU Equity Dir Gr	INF205K01NG5	Can Fin Homes Ltd	Financial Services	29.47	1.95	0.00	Jan25	5.32
Invesco India PSU Equity Dir Gr	INF205K01NG5	Can Fin Homes Ltd	Financial Services	29.47	1.95	0.00	Feb25	5.59
Invesco India PSU Equity Dir Gr	INF205K01NG5	Can Fin Homes Ltd	Financial Services	29.47	1.95	0.00	Mar25	15.51
Invesco India PSU Equity Dir Gr	INF205K01NG5	Can Fin Homes Ltd	Financial Services	29.47	1.95	0.00	Mar25	15.51
Invesco India PSU Equity Dir Gr	INF205K01NG5	Can Fin Homes Ltd	Financial Services	29.47	1.95	0.00	Apr25	12.51
Invesco India PSU Equity Dir Gr	INF205K01NG5	Can Fin Homes Ltd	Financial Services	29.47	1.95	0.00	May25	11.15
Invesco India PSU Equity Dir Gr	INF205K01NG5	Can Fin Homes Ltd	Financial Services	29.47	1.95	0.00	June25	10.18
Invesco India PSU Equity Dir Gr	INF205K01NG5	Can Fin Homes Ltd	Financial Services	29.47	1.95	0.00	July25	9.19
Invesco India PSU Equity Dir Gr	INF205K01NG5	Can Fin Homes Ltd	Financial Services	29.47	1.95	0.00	Aug25	8.13
Invesco India PSU Equity Dir Gr	INF205K01NG5	Mazagon Dock Shipbuilders Ltd	Industrials	26.45	1.75	39.45	Oct24	5.55
Invesco India PSU Equity Dir Gr	INF205K01NG5	Mazagon Dock Shipbuilders Ltd	Industrials	26.45	1.75	39.45	Nov24	7.52
Invesco India PSU Equity Dir Gr	INF205K01NG5	Mazagon Dock Shipbuilders Ltd	Industrials	26.45	1.75	39.45	Dec24	3.56
Invesco India PSU Equity Dir Gr	INF205K01NG5	Mazagon Dock Shipbuilders Ltd	Industrials	26.45	1.75	39.45	Jan25	5.32
Invesco India PSU Equity Dir Gr	INF205K01NG5	Mazagon Dock Shipbuilders Ltd	Industrials	26.45	1.75	39.45	Feb25	5.59
Invesco India PSU Equity Dir Gr	INF205K01NG5	Mazagon Dock Shipbuilders Ltd	Industrials	26.45	1.75	39.45	Mar25	15.51
Invesco India PSU Equity Dir Gr	INF205K01NG5	Mazagon Dock Shipbuilders Ltd	Industrials	26.45	1.75	39.45	Mar25	15.51
Invesco India PSU Equity Dir Gr	INF205K01NG5	Mazagon Dock Shipbuilders Ltd	Industrials	26.45	1.75	39.45	Apr25	12.51
Invesco India PSU Equity Dir Gr	INF205K01NG5	Mazagon Dock Shipbuilders Ltd	Industrials	26.45	1.75	39.45	May25	11.15
Invesco India PSU Equity Dir Gr	INF205K01NG5	Mazagon Dock Shipbuilders Ltd	Industrials	26.45	1.75	39.45	June25	10.18
Invesco India PSU Equity Dir Gr	INF205K01NG5	Mazagon Dock Shipbuilders Ltd	Industrials	26.45	1.75	39.45	July25	9.19
Invesco India PSU Equity Dir Gr	INF205K01NG5	Mazagon Dock Shipbuilders Ltd	Industrials	26.45	1.75	39.45	Aug25	8.13
Invesco India PSU Equity Dir Gr	INF205K01NG5	Indian Railway Catering And Tourism Corp Ltd	Consumer Cyclical	21.74	1.44	48.30	Oct24	5.55
Invesco India PSU Equity Dir Gr	INF205K01NG5	Indian Railway Catering And Tourism Corp Ltd	Consumer Cyclical	21.74	1.44	48.30	Nov24	7.52
Invesco India PSU Equity Dir Gr	INF205K01NG5	Indian Railway Catering And Tourism Corp Ltd	Consumer Cyclical	21.74	1.44	48.30	Dec24	3.56
Invesco India PSU Equity Dir Gr	INF205K01NG5	Indian Railway Catering And Tourism Corp Ltd	Consumer Cyclical	21.74	1.44	48.30	Jan25	5.32
Invesco India PSU Equity Dir Gr	INF205K01NG5	Indian Railway Catering And Tourism Corp Ltd	Consumer Cyclical	21.74	1.44	48.30	Feb25	5.59
Invesco India PSU Equity Dir Gr	INF205K01NG5	Indian Railway Catering And Tourism Corp Ltd	Consumer Cyclical	21.74	1.44	48.30	Mar25	15.51
Invesco India PSU Equity Dir Gr	INF205K01NG5	Indian Railway Catering And Tourism Corp Ltd	Consumer Cyclical	21.74	1.44	48.30	Mar25	15.51
Invesco India PSU Equity Dir Gr	INF205K01NG5	Indian Railway Catering And Tourism Corp Ltd	Consumer Cyclical	21.74	1.44	48.30	Apr25	12.51
Invesco India PSU Equity Dir Gr	INF205K01NG5	Indian Railway Catering And Tourism Corp Ltd	Consumer Cyclical	21.74	1.44	48.30	May25	11.15
Invesco India PSU Equity Dir Gr	INF205K01NG5	Indian Railway Catering And Tourism Corp Ltd	Consumer Cyclical	21.74	1.44	48.30	June25	10.18
Invesco India PSU Equity Dir Gr	INF205K01NG5	Indian Railway Catering And Tourism Corp Ltd	Consumer Cyclical	21.74	1.44	48.30	July25	9.19
Invesco India PSU Equity Dir Gr	INF205K01NG5	Indian Railway Catering And Tourism Corp Ltd	Consumer Cyclical	21.74	1.44	48.30	Aug25	8.13
Invesco India PSU Equity Dir Gr	INF205K01NG5	Triparty Repo		21.28	1.41		Oct24	5.55
Invesco India PSU Equity Dir Gr	INF205K01NG5	Triparty Repo		21.28	1.41		Nov24	7.52
Invesco India PSU Equity Dir Gr	INF205K01NG5	Triparty Repo		21.28	1.41		Dec24	3.56
Invesco India PSU Equity Dir Gr	INF205K01NG5	Triparty Repo		21.28	1.41		Jan25	5.32
Invesco India PSU Equity Dir Gr	INF205K01NG5	Triparty Repo		21.28	1.41		Feb25	5.59
Invesco India PSU Equity Dir Gr	INF205K01NG5	Triparty Repo		21.28	1.41		Mar25	15.51
Invesco India PSU Equity Dir Gr	INF205K01NG5	Triparty Repo		21.28	1.41		Mar25	15.51
Invesco India PSU Equity Dir Gr	INF205K01NG5	Triparty Repo		21.28	1.41		Apr25	12.51
Invesco India PSU Equity Dir Gr	INF205K01NG5	Triparty Repo		21.28	1.41		May25	11.15
Invesco India PSU Equity Dir Gr	INF205K01NG5	Triparty Repo		21.28	1.41		June25	10.18
Invesco India PSU Equity Dir Gr	INF205K01NG5	Triparty Repo		21.28	1.41		July25	9.19
Invesco India PSU Equity Dir Gr	INF205K01NG5	Triparty Repo		21.28	1.41		Aug25	8.13
Invesco India PSU Equity Dir Gr	INF205K01NG5	Net Receivables / (Payables)		-0.65	0.04		Oct24	5.55
Invesco India PSU Equity Dir Gr	INF205K01NG5	Net Receivables / (Payables)		-0.65	0.04		Nov24	7.52
Invesco India PSU Equity Dir Gr	INF205K01NG5	Net Receivables / (Payables)		-0.65	0.04		Dec24	3.56
Invesco India PSU Equity Dir Gr	INF205K01NG5	Net Receivables / (Payables)		-0.65	0.04		Jan25	5.32
Invesco India PSU Equity Dir Gr	INF205K01NG5	Net Receivables / (Payables)		-0.65	0.04		Feb25	5.59
Invesco India PSU Equity Dir Gr	INF205K01NG5	Net Receivables / (Payables)		-0.65	0.04		Mar25	15.51
Invesco India PSU Equity Dir Gr	INF205K01NG5	Net Receivables / (Payables)		-0.65	0.04		Mar25	15.51
Invesco India PSU Equity Dir Gr	INF205K01NG5	Net Receivables / (Payables)		-0.65	0.04		Apr25	12.51
Invesco India PSU Equity Dir Gr	INF205K01NG5	Net Receivables / (Payables)		-0.65	0.04		May25	11.15
Invesco India PSU Equity Dir Gr	INF205K01NG5	Net Receivables / (Payables)		-0.65	0.04		June25	10.18
Invesco India PSU Equity Dir Gr	INF205K01NG5	Net Receivables / (Payables)		-0.65	0.04		July25	9.19
Invesco India PSU Equity Dir Gr	INF205K01NG5	Net Receivables / (Payables)		-0.65	0.04		Aug25	8.13
